Workbook

Sheet تجهیزات صنعتی گندله سازی
A1: گروه اولویت | B1: Points range | C1: تعداد تجهیزات | D1: درصد پیشرفت تکسونامی تجهیزات | F1: ناحیه | G1: 100 | H1: 200 | I1: 300 | J1: 500 | K1: 600 | L1: 700 | M1: 800 | N1: 900 | O1: 1000 | P1: 1100 | Q1: 1200 | R1: 1300 | S1: 1400 | T1: ER | U1: 1500 | V1: تعداد کل | AA1: وزن درصدی هر ستون
A2: VITAL | B2: 5.29> | C2: 117 | D2: =AVERAGEIF($B$8:$B$595,"vital",$M$8:$M$595) -> 0.89059829 | F2: تعداد تجهیزات | G2: =COUNTIF($A$8:$A$1048576,G1) -> 67 | H2: =COUNTIF($A$8:$A$1048576,H1) -> 18 | I2: =COUNTIF($A$8:$A$1048576,I1) -> 15 | J2: =COUNTIF($A$8:$A$1048576,J1) -> 43 | K2: =COUNTIF($A$8:$A$1048576,K1) -> 49 | L2: =COUNTIF($A$8:$A$1048576,L1) -> 74 | M2: =COUNTIF($A$8:$A$1048576,M1) -> 119 | N2: =COUNTIF($A$8:$A$1048576,N1) -> 102 | ... U2: =COUNTIF($A$8:$A$1048576,U1) -> 0 | V2: =SUM(G2:U2) -> 588 | AA2: 0.15 | AB2: 0.45 | AC2: 0.28 | AD2: 0.02 | AE2: 0.1 | AF2: =SUM(AA2:AE2) -> 1
A3: ESSENTIAL | B3: (3.98-5.29) | C3: 188 | D3: =AVERAGEIF($B$8:$B$595,"ESSENTIAL",$M$8:$M$595) -> 0.54074468 | F3: وزن تجهیز | G3: 6.5 | H3: 3 | I3: 3.5 | J3: 12 | K3: 18 | L3: 24 | M3: 8 | N3: 9 | O3: 2.5 | P3: 1 | Q3: 0.5 | R3: 5 | S3: 0.5 | T3: 6 | U3: 0.5 | V3: =SUM(G3:U3) -> 100
A4: IMPORTANT | B4: (2.67-3.98) | C4: 123 | D4: =AVERAGEIF($B$8:$B$595,"IMPORTANT",$M$8:$M$595) -> 0.39673171 | F4: درصد پیشرفت ناحیه | G4: =SUMIF($A$8:$A$1048576,"100",$M$8:$M$1048576)/G2 -> 0.85504478 | H4: =SUMIF($A$8:$A$1048576,"200",$M$8:$M$1048576)/H2 -> 0.25722222 | I4: =SUMIF($A$8:$A$1048576,"300",$M$8:$M$1048576)/I2 -> 0.34 | J4: =SUMIF($A$8:$A$1048576,"500",$M$8:$M$1048576)/J2 -> 0.59767442 | K4: =SUMIF($A$8:$A$1048576,"600",$M$8:$M$1048576)/K2 -> 0.90979592 | L4: =SUMIF($A$8:$A$1048576,"700",$M$8:$M$1048576)/L2 -> 0.94405405 | M4: =SUMIF($A$8:$A$1048576,"800",$M$8:$M$1048576)/M2 -> 0.073445378 | N4: =SUMIF($A$8:$A$1048576,"900",$M$8:$M$1048576)/N2 -> 0.55254902 | O4: =SUMIF($A$8:$A$1048576,"1000",$M$8:$M$1048576)/O2 -> 0 | P4: =SUMIF($A$8:$A$1048576,"1100",$M$8:$M$1048576)/P2 -> 0 | Q4: =SUMIF($A$8:$A$1048576,"1200",$M$8:$M$1048576)/Q2 -> #DIV/0! | R4: =SUMIF($A$8:$A$1048576,"1300",$M$8:$M$1048576)/R2 -> 0.18138889 | S4: =SUMIF($A$8:$A$1048576,"1400",$M$8:$M$1048576)/S2 -> 0 | T4: =SUMIF($A$8:$A$1048576,"ER",$M$8:$M$1048576)/T2 -> #DIV/0! | U4: =SUMIF($A$8:$A$1048576,"1500",$M$8:$M$1048576)/U2 -> #DIV/0! | V4: درصد کل
A5: NORMAL | B5: <2.67 | C5: 159 | D5: =AVERAGEIF($B$8:$B$595,"NORMAL",$M$8:$M$595) -> 0.19283019 | G5: =(G2+G3)*G4/($V$2+$V$3) -> 0.091345627 | H5: =(H2+H3)*H4/($V$2+$V$3) -> 0.0078512597 | I5: =(I2+I3)*I4/($V$2+$V$3) -> 0.0091424419 | J5: =(J2+J3)*J4/($V$2+$V$3) -> 0.047779205 | K5: =(K2+K3)*K4/($V$2+$V$3) -> 0.088599312 | L5: =(L2+L3)*L4/($V$2+$V$3) -> 0.13447282 | M5: =(M2+M3)*M4/($V$2+$V$3) -> 0.013557504 | N5: =(N2+N3)*N4/($V$2+$V$3) -> 0.089146717 | ... P5: =(P2+P3)*P4/($V$2+$V$3) -> 0 | R5: =(R2+R3)*R4/($V$2+$V$3) -> 0.020300791 | S5: =(S2+S3)*S4/($V$2+$V$3) -> 0 | V5: =SUBTOTAL(9,G5:U5) -> 0.50219567
A7: ناحیه | B7: اولویت | C7: Asset Tag No | D7: نام تجهیز | E7: کارشناس انجام دهنده مکانیک و تاسیسات | F7: کارشناس انجام دهنده هیدرولیک و روانکاری | G7: کارشناس انجام دهنده برق | H7: برگزاری جلسه مشترک و تهیه درخت روی وایت برد | I7: پیشرفت فایل اکسل مکانیک | J7: پیشرفت فایل اکسل برق | K7: کنترل فایل توسط CPG | L7: جمع بندی فایل اکسل نهایی | M7: درصد تکمیل فایل نهایی
A8: 100 | B8: =VLOOKUP(C8,Sheet1!$A$2:$B$1132,2,FALSE) -> VITAL | C8: 0110AP01 | D8: اپرون فیدر | E8: مهدی زاده | F8: زارعی | G8: غفاری | H8: 1 | I8: 1 | J8: 1 | K8: 1 | L8: 1 | M8: =SUMPRODUCT(H8:L8,$AA$2:$AE$2) -> 1
A9: 100 | B9: =VLOOKUP(C9,Sheet1!$A$2:$B$1132,2,FALSE) -> VITAL | C9: 0110BC01 | D9: نوار نقاله | E9: مهدی زاده | F9: زارعی | G9: غفاری | H9: 1 | I9: 1 | J9: 1 | K9: 1 | L9: 1 | M9: =SUMPRODUCT(H9:L9,$AA$2:$AE$2) -> 1
A10: 100 | B10: =VLOOKUP(C10,Sheet1!$A$2:$B$1132,2,FALSE) -> VITAL | C10: 0110BC02 | D10: نوار نقاله | E10: مهدی زاده | F10: زارعی | G10: غفاری | H10: 1 | I10: 1 | J10: 1 | K10: 1 | L10: 1 | M10: =SUMPRODUCT(H10:L10,$AA$2:$AE$2) -> 1
A11: 100 | B11: =VLOOKUP(C11,Sheet1!$A$2:$B$1132,2,FALSE) -> VITAL | C11: 0110BF01 | D11: بگ فیلتر | E11: مهدی زاده | F11: زارعی | G11: غفاری | H11: 1 | I11: 1 | J11: 1 | K11: 1 | L11: 1 | M11: =SUMPRODUCT(H11:L11,$AA$2:$AE$2) -> 1
A12: 100 | B12: =VLOOKUP(C12,Sheet1!$A$2:$B$1132,2,FALSE) -> NORMAL | C12: 0110BW01 | D12: بلت اسکیل | E12: مهدی زاده | F12: زارعی | G12: غفاری | H12: 1 | I12: 1 | J12: 1 | K12: 1 | L12: 1 | M12: =SUMPRODUCT(H12:L12,$AA$2:$AE$2) -> 1
A13: 100 | B13: =VLOOKUP(C13,Sheet1!$A$2:$B$1132,2,FALSE) -> ESSENTIAL | C13: 0110CP01 | D13: کمپرسور هوای واگن دامپر | E13: عزیزی | F13: زارعی | G13: غفاری | H13: 1 | I13: 1 | J13: 1 | K13: 1 | L13: 1 | M13: =SUMPRODUCT(H13:L13,$AA$2:$AE$2) -> 1
A14: 100 | B14: =VLOOKUP(C14,Sheet1!$A$2:$B$1132,2,FALSE) -> ESSENTIAL | C14: 0110CP02 | D14: کمپرسور هوای واگن دامپر | E14: عزیزی | F14: زارعی | G14: غفاری | H14: 1 | I14: 1 | J14: 1 | K14: 1 | L14: 1 | M14: =SUMPRODUCT(H14:L14,$AA$2:$AE$2) -> 1
A15: 100 | B15: =VLOOKUP(C15,Sheet1!$A$2:$B$1132,2,FALSE) -> IMPORTANT | C15: 0110FE01 | D15: روتاری فیدر بگ فیلتر | E15: مهدی زاده | F15: زارعی | G15: غفاری | H15: 1 | I15: 1 | J15: 1 | K15: 1 | L15: 1 | M15: =SUMPRODUCT(H15:L15,$AA$2:$AE$2) -> 1
A16: 100 | B16: =VLOOKUP(C16,Sheet1!$A$2:$B$1132,2,FALSE) -> IMPORTANT | C16: 0110FN01 | D16: فن منگان گریسی | E16: توانا/کارگر | F16: زارعی | G16: غفاری | H16: 1 | I16: 1 | J16: 1 | K16: 1 | L16: 1 | M16: =SUMPRODUCT(H16:L16,$AA$2:$AE$2) -> 1
A17: 100 | B17: =VLOOKUP(C17,Sheet1!$A$2:$B$1132,2,FALSE) -> IMPORTANT | C17: 0110GA01 | D17: گیت | E17: مهدی زاده | F17: زارعی | G17: غفاری | H17: 1 | I17: 1 | J17: 1 | K17: 1 | L17: 1 | M17: =SUMPRODUCT(H17:L17,$AA$2:$AE$2) -> 1
A18: 100 | B18: =VLOOKUP(C18,Sheet1!$A$2:$B$1132,2,FALSE) -> IMPORTANT | C18: 0110HP01 | D18: هاپر | E18: مهدی زاده | F18: زارعی | G18: غفاری | H18: 1 | I18: 1 | J18: 1 | K18: 1 | L18: 1 | M18: =SUMPRODUCT(H18:L18,$AA$2:$AE$2) -> 1
A19: 100 | B19: =VLOOKUP(C19,Sheet1!$A$2:$B$1132,2,FALSE) -> IMPORTANT | C19: 0110MD01 | D19: متال دتکتور | E19: مهدی زاده | F19: زارعی | G19: غفاری | H19: 1 | I19: 1 | J19: 1 | K19: 1 | L19: 1 | M19: =SUMPRODUCT(H19:L19,$AA$2:$AE$2) -> 1
... A35: 100 | B35: =VLOOKUP(C35,Sheet1!$A$2:$B$1132,2,FALSE) -> IMPORTANT | C35: 0120GA01 | D35: گیت | E35: مهدی زاده | F35: زارعی | G35: غفاری | H35: 1 | I35: 1 | J35: 1 | K35: 1 | L35: 1 | M35: =SUMPRODUCT(H35:L35,$AA$2:$AE$2) -> 1
A36: 100 | B36: =VLOOKUP(C36,Sheet1!$A$2:$B$1132,2,FALSE) -> IMPORTANT | C36: 0120MD01 | D36: متال دتکتور | E36: مهدی زاده | F36: زارعی | G36: غفاری | H36: 1 | J36: 1 | M36: =SUMPRODUCT(H36:L36,$AA$2:$AE$2) -> 0.43
A37: 100 | B37: =VLOOKUP(C37,Sheet1!$A$2:$B$1132,2,FALSE) -> VITAL | C37: 0120RR01 | D37: ماشین برداشت | E37: مهدی زاده | F37: زارعی | G37: غفاری | H37: 1 | I37: 1 | J37: 0.5 | M37: =SUMPRODUCT(H37:L37,$AA$2:$AE$2) -> 0.74
A38: 100 | B38: =VLOOKUP(C38,Sheet1!$A$2:$B$1132,2,FALSE) -> IMPORTANT | C38: 0120SM01 | D38: نمونه گیر | E38: مهدی زاده | F38: زارعی | G38: غفاری | H38: 1 | I38: 1 | J38: 1 | K38: 1 | L38: 1 | M38: =SUMPRODUCT(H38:L38,$AA$2:$AE$2) -> 1
A39: 100 | B39: =VLOOKUP(C39,Sheet1!$A$2:$B$1132,2,FALSE) -> NORMAL | C39: 0120TT01 | D39: ترانسفر تاور | E39: مهدی زاده | F39: زارعی | G39: غفاری | H39: 1 | I39: 1 | J39: 1 | K39: 1 | L39: 1 | M39: =SUMPRODUCT(H39:L39,$AA$2:$AE$2) -> 1
A40: 100 | B40: =VLOOKUP(C40,Sheet1!$A$2:$B$1132,2,FALSE) -> NORMAL | C40: 0120TT02 | D40: ترانسفر تاور | E40: مهدی زاده | F40: زارعی | G40: غفاری | H40: 1 | I40: 1 | J40: 1 | K40: 1 | L40: 1 | M40: =SUMPRODUCT(H40:L40,$AA$2:$AE$2) -> 1
A41: 100 | B41: =VLOOKUP(C41,Sheet1!$A$2:$B$1132,2,FALSE) -> ESSENTIAL | C41: 0130BC01 | D41: نوار نقاله | E41: مهدی زاده | F41: زارعی | G41: غفاری | H41: 1 | I41: 1 | J41: 1 | K41: 1 | L41: 1 | M41: =SUMPRODUCT(H41:L41,$AA$2:$AE$2) -> 1
A42: 100 | B42: =VLOOKUP(C42,Sheet1!$A$2:$B$1132,2,FALSE) -> NORMAL | C42: 0130BW01 | D42: بلت اسکیل | E42: مهدی زاده | F42: زارعی | G42: غفاری | H42: 1 | I42: 1 | J42: 1 | K42: 1 | L42: 1 | M42: =SUMPRODUCT(H42:L42,$AA$2:$AE$2) -> 1
A43: 100 | B43: =VLOOKUP(C43,Sheet1!$A$2:$B$1132,2,FALSE) -> IMPORTANT | C43: 0130CH01 | D43: داکت | E43: مهدی زاده | F43: زارعی | G43: غفاری | H43: 1 | J43: 1 | M43: =SUMPRODUCT(H43:L43,$AA$2:$AE$2) -> 0.43
A44: 100 | B44: =VLOOKUP(C44,Sheet1!$A$2:$B$1132,2,FALSE) -> IMPORTANT | C44: 0130HP01 | D44: هاپر | E44: مهدی زاده | F44: زارعی | G44: غفاری | H44: 1 | I44: 1 | M44: =SUMPRODUCT(H44:L44,$AA$2:$AE$2) -> 0.6
A45: 100 | B45: =VLOOKUP(C45,Sheet1!$A$2:$B$1132,2,FALSE) -> IMPORTANT | C45: 0130MD01 | D45: متال دتکتور | E45: مهدی زاده | F45: زارعی | G45: غفاری | H45: 1 | J45: 1 | M45: =SUMPRODUCT(H45:L45,$AA$2:$AE$2) -> 0.43
A46: 100 | B46: =VLOOKUP(C46,Sheet1!$A$2:$B$1132,2,FALSE) -> IMPORTANT | C46: 0130MS01 | D46: مگنتیک سپریتور | E46: مهدی زاده | F46: زارعی | G46: غفاری | H46: 1 | J46: 0.3 | M46: =SUMPRODUCT(H46:L46,$AA$2:$AE$2) -> 0.234
A47: 100 | B47: =VLOOKUP(C47,Sheet1!$A$2:$B$1132,2,FALSE) -> IMPORTANT | C47: 0130TS01 | D47: باسکول | E47: مهدی زاده | F47: زارعی | G47: غفاری | H47: 1 | J47: 0.3 | M47: =SUMPRODUCT(H47:L47,$AA$2:$AE$2) -> 0.234
A48: 100 | B48: =VLOOKUP(C48,Sheet1!$A$2:$B$1132,2,FALSE) -> VITAL | C48: 0150BC01 | D48: نوار نقاله | E48: مهدی زاده | F48: زارعی | G48: غفاری | H48: 1 | I48: 1 | J48: 1 | K48: 1 | L48: 1 | M48: =SUMPRODUCT(H48:L48,$AA$2:$AE$2) -> 1
A49: 100 | B49: =VLOOKUP(C49,Sheet1!$A$2:$B$1132,2,FALSE) -> VITAL | C49: 0150BC02 | D49: نوار نقاله | E49: مهدی زاده | F49: زارعی | G49: غفاری | H49: 1 | I49: 1 | J49: 1 | K49: 1 | L49: 1 | M49: =SUMPRODUCT(H49:L49,$AA$2:$AE$2) -> 1
A50: 100 | B50: =VLOOKUP(C50,Sheet1!$A$2:$B$1132,2,FALSE) -> VITAL | C50: 0150BC03 | D50: نوار نقاله | E50: مهدی زاده | F50: زارعی | G50: غفاری | H50: 1 | I50: 1 | J50: 1 | K50: 1 | L50: 1 | M50: =SUMPRODUCT(H50:L50,$AA$2:$AE$2) -> 1
A51: 100 | B51: =VLOOKUP(C51,Sheet1!$A$2:$B$1132,2,FALSE) -> IMPORTANT | C51: 0150BI01 | D51: بین | E51: مهدی زاده | F51: زارعی | G51: غفاری | H51: 1 | I51: 1 | J51: 1 | K51: 1 | L51: 1 | M51: =SUMPRODUCT(H51:L51,$AA$2:$AE$2) -> 1
A52: 100 | B52: =VLOOKUP(C52,Sheet1!$A$2:$B$1132,2,FALSE) -> ESSENTIAL | C52: 0150CP01 | D52: کمپرسور هوای HPGR | E52: عزیزی | F52: زارعی | G52: غفاری | H52: 1 | J52: 1 | M52: =SUMPRODUCT(H52:L52,$AA$2:$AE$2) -> 0.43
A53: 100 | B53: =VLOOKUP(C53,Sheet1!$A$2:$B$1132,2,FALSE) -> VITAL | C53: 0150EC01 | D53: کولینگ تاور | E53: عزیزی | F53: زارعی | G53: غفاری | H53: 1 | I53: 1 | J53: 1 | K53: 1 | L53: 1 | M53: =SUMPRODUCT(H53:L53,$AA$2:$AE$2) -> 1
A54: 100 | B54: =VLOOKUP(C54,Sheet1!$A$2:$B$1132,2,FALSE) -> IMPORTANT | C54: 0150GA01 | D54: گیت | E54: مهدی زاده | F54: زارعی | G54: غفاری | H54: 1 | J54: 1 | M54: =SUMPRODUCT(H54:L54,$AA$2:$AE$2) -> 0.43
A55: 100 | B55: =VLOOKUP(C55,Sheet1!$A$2:$B$1132,2,FALSE) -> NORMAL | C55: 0150PI01 | D55: پایپینگ | E55: عزیزی | F55: زارعی | G55: غفاری | M55: =SUMPRODUCT(H55:L55,$AA$2:$AE$2) -> 0
A56: 100 | B56: =VLOOKUP(C56,Sheet1!$A$2:$B$1132,2,FALSE) -> VITAL | C56: 0150RL01 | D56: رولر پرس | E56: مهدی زاده | F56: زارعی | G56: غفاری | H56: 1 | I56: 1 | J56: 1 | K56: 1 | L56: 1 | M56: =SUMPRODUCT(H56:L56,$AA$2:$AE$2) -> 1
A57: 100 | B57: =VLOOKUP(C57,Sheet1!$A$2:$B$1132,2,FALSE) -> ESSENTIAL | C57: 0150RS01 | D57: رولر کلاسیفایر | E57: مهدی زاده | F57: زارعی | G57: غفاری | H57: 1 | I57: 1 | J57: 1 | K57: 1 | L57: 1 | M57: =SUMPRODUCT(H57:L57,$AA$2:$AE$2) -> 1
A58: 100 | B58: =VLOOKUP(C58,Sheet1!$A$2:$B$1132,2,FALSE) -> IMPORTANT | C58: 0150SM01 | D58: نمونه گیر | E58: مهدی زاده | F58: زارعی | G58: غفاری | H58: 1 | I58: 1 | J58: 1 | K58: 1 | L58: 1 | M58: =SUMPRODUCT(H58:L58,$AA$2:$AE$2) -> 1
A59: 100 | B59: =VLOOKUP(C59,Sheet1!$A$2:$B$1132,2,FALSE) -> NORMAL | C59: 0150TT01 | D59: ترانسفر تاور | E59: مهدی زاده | F59: زارعی | G59: غفاری | H59: 1 | I59: 1 | J59: 1 | K59: 1 | L59: 1 | M59: =SUMPRODUCT(H59:L59,$AA$2:$AE$2) -> 1
A60: 100 | B60: =VLOOKUP(C60,Sheet1!$A$2:$B$1132,2,FALSE) -> ESSENTIAL | C60: 0150WF01 | D60: ویت فیدر | E60: مهدی زاده | F60: زارعی | G60: غفاری | H60: 1 | I60: 1 | J60: 1 | K60: 1 | L60: 1 | M60: =SUMPRODUCT(H60:L60,$AA$2:$AE$2) -> 1
A61: 100 | B61: =VLOOKUP(C61,Sheet1!$A$2:$B$1132,2,FALSE) -> IMPORTANT | C61: 0150WP01 | D61: واتر پمپ | E61: عزیزی | F61: زارعی | G61: غفاری | H61: 1 | I61: 1 | J61: 1 | K61: 1 | L61: 1 | M61: =SUMPRODUCT(H61:L61,$AA$2:$AE$2) -> 1
A62: 100 | B62: =VLOOKUP(C62,Sheet1!$A$2:$B$1132,2,FALSE) -> IMPORTANT | C62: 0150WP02 | D62: واتر پمپ | E62: عزیزی | F62: زارعی | G62: غفاری | H62: 1 | I62: 1 | J62: 1 | K62: 1 | L62: 1 | M62: =SUMPRODUCT(H62:L62,$AA$2:$AE$2) -> 1
A63: 100 | B63: =VLOOKUP(C63,Sheet1!$A$2:$B$1132,2,FALSE) -> ESSENTIAL | C63: 0150WP03 | D63: واتر پمپ | E63: عزیزی | F63: زارعی | G63: غفاری | H63: 1 | I63: 1 | J63: 1 | K63: 1 | L63: 1 | M63: =SUMPRODUCT(H63:L63,$AA$2:$AE$2) -> 1
A64: 100 | B64: =VLOOKUP(C64,Sheet1!$A$2:$B$1132,2,FALSE) -> ESSENTIAL | C64: 0160BC01 | D64: نوار نقاله | E64: مهدی زاده | F64: زارعی | G64: غفاری | H64: 1 | I64: 1 | J64: 1 | K64: 1 | L64: 1 | M64: =SUMPRODUCT(H64:L64,$AA$2:$AE$2) -> 1
A65: 100 | B65: =VLOOKUP(C65,Sheet1!$A$2:$B$1132,2,FALSE) -> ESSENTIAL | C65: 0160BC02 | D65: نوار نقاله | E65: مهدی زاده | F65: زارعی | G65: غفاری | H65: 1 | I65: 1 | J65: 1 | K65: 1 | L65: 1 | M65: =SUMPRODUCT(H65:L65,$AA$2:$AE$2) -> 1
A66: 100 | B66: =VLOOKUP(C66,Sheet1!$A$2:$B$1132,2,FALSE) -> NORMAL | C66: 0160BW01 | D66: بلت اسکیل | E66: مهدی زاده | F66: زارعی | G66: غفاری | H66: 1 | I66: 1 | J66: 1 | K66: 1 | L66: 1 | M66: =SUMPRODUCT(H66:L66,$AA$2:$AE$2) -> 1
A67: 100 | B67: =VLOOKUP(C67,Sheet1!$A$2:$B$1132,2,FALSE) -> IMPORTANT | C67: 0160FE01 | D67: بلت فیدر | E67: مهدی زاده | F67: زارعی | G67: غفاری | H67: 1 | I67: 1 | J67: 1 | K67: 1 | L67: 1 | M67: =SUMPRODUCT(H67:L67,$AA$2:$AE$2) -> 1
A68: 100 | B68: =VLOOKUP(C68,Sheet1!$A$2:$B$1132,2,FALSE) -> IMPORTANT | C68: 0160FE02 | D68: بلت فیدر | E68: مهدی زاده | F68: زارعی | G68: غفاری | H68: 1 | I68: 1 | J68: 1 | K68: 1 | L68: 1 | M68: =SUMPRODUCT(H68:L68,$AA$2:$AE$2) -> 1
A69: 100 | B69: =VLOOKUP(C69,Sheet1!$A$2:$B$1132,2,FALSE) -> IMPORTANT | C69: 0160GA01 | D69: گیت | E69: مهدی زاده | F69: زارعی | G69: غفاری | M69: =SUMPRODUCT(H69:L69,$AA$2:$AE$2) -> 0
A70: 100 | B70: =VLOOKUP(C70,Sheet1!$A$2:$B$1132,2,FALSE) -> ESSENTIAL | C70: 0160HP01 | D70: هاپر | E70: مهدی زاده | F70: زارعی | G70: غفاری | H70: 1 | M70: =SUMPRODUCT(H70:L70,$AA$2:$AE$2) -> 0.15
A71: 100 | B71: =VLOOKUP(C71,Sheet1!$A$2:$B$1132,2,FALSE) -> ESSENTIAL | C71: 0160HP02 | D71: هاپر | E71: مهدی زاده | F71: زارعی | G71: غفاری | H71: 1 | M71: =SUMPRODUCT(H71:L71,$AA$2:$AE$2) -> 0.15
A72: 100 | B72: =VLOOKUP(C72,Sheet1!$A$2:$B$1132,2,FALSE) -> IMPORTANT | C72: 0160MD01 | D72: متال دتکتور | E72: مهدی زاده | F72: زارعی | G72: غفاری | H72: 1 | J72: 1 | M72: =SUMPRODUCT(H72:L72,$AA$2:$AE$2) -> 0.43
A73: 100 | B73: =VLOOKUP(C73,Sheet1!$A$2:$B$1132,2,FALSE) -> IMPORTANT | C73: 0160SM01 | D73: نمونه گیر | E73: مهدی زاده | F73: زارعی | G73: غفاری | H73: 1 | I73: 1 | M73: =SUMPRODUCT(H73:L73,$AA$2:$AE$2) -> 0.6
A74: 100 | B74: =VLOOKUP(C74,Sheet1!$A$2:$B$1132,2,FALSE) -> NORMAL | C74: 0160TT01 | D74: ترانسفر تاور | E74: مهدی زاده | F74: زارعی | G74: غفاری | H74: 1 | I74: 1 | J74: 1 | K74: 1 | L74: 1 | M74: =SUMPRODUCT(H74:L74,$AA$2:$AE$2) -> 1
A75: 200 | B75: =VLOOKUP(C75,Sheet1!$A$2:$B$1132,2,FALSE) -> IMPORTANT | C75: 0210BF01 | D75: بگ فیلتر | E75: فهیمی | F75: زارعی | G75: جعفری | M75: =SUMPRODUCT(H75:L75,$AA$2:$AE$2) -> 0
A76: 200 | B76: =VLOOKUP(C76,Sheet1!$A$2:$B$1132,2,FALSE) -> IMPORTANT | C76: 0210BF02 | D76: بگ فیلتر | E76: فهیمی | F76: زارعی | G76: جعفری | M76: =SUMPRODUCT(H76:L76,$AA$2:$AE$2) -> 0
A77: 200 | B77: =VLOOKUP(C77,Sheet1!$A$2:$B$1132,2,FALSE) -> IMPORTANT | C77: 0210BI01 | D77: بین | E77: فهیمی | F77: زارعی | G77: جعفری | H77: 1 | I77: 1 | M77: =SUMPRODUCT(H77:L77,$AA$2:$AE$2) -> 0.6
A78: 200 | B78: =VLOOKUP(C78,Sheet1!$A$2:$B$1132,2,FALSE) -> IMPORTANT | C78: 0210CC01 | D78: نقاله زنجیری | E78: فهیمی | F78: زارعی | G78: جعفری | M78: =SUMPRODUCT(H78:L78,$AA$2:$AE$2) -> 0
A79: 200 | B79: =VLOOKUP(C79,Sheet1!$A$2:$B$1132,2,FALSE) -> IMPORTANT | C79: 0210CH01 | D79: داکت | E79: فهیمی | F79: زارعی | G79: جعفری | M79: =SUMPRODUCT(H79:L79,$AA$2:$AE$2) -> 0
A80: 200 | B80: =VLOOKUP(C80,Sheet1!$A$2:$B$1132,2,FALSE) -> IMPORTANT | C80: 0210CN01 | D80: سایکلون | E80: فهیمی | F80: زارعی | G80: جعفری | M80: =SUMPRODUCT(H80:L80,$AA$2:$AE$2) -> 0
A81: 200 | B81: =VLOOKUP(C81,Sheet1!$A$2:$B$1132,2,FALSE) -> ESSENTIAL | C81: 0210DA01 | D81: دمپر | E81: توانا | F81: زارعی | G81: جعفری | H81: 1 | J81: 1 | M81: =SUMPRODUCT(H81:L81,$AA$2:$AE$2) -> 0.43
A82: 200 | B82: =VLOOKUP(C82,Sheet1!$A$2:$B$1132,2,FALSE) -> IMPORTANT | C82: 0210FE01 | D82: روتاری فیدر | E82: فهیمی | F82: زارعی | G82: جعفری | M82: =SUMPRODUCT(H82:L82,$AA$2:$AE$2) -> 0
A83: 200 | B83: =VLOOKUP(C83,Sheet1!$A$2:$B$1132,2,FALSE) -> IMPORTANT | C83: 0210FN01 | D83: فن منگان گریسی | E83: توانا/کارگر | F83: زارعی | G83: جعفری | H83: 1 | I83: 1 | M83: =SUMPRODUCT(H83:L83,$AA$2:$AE$2) -> 0.6
A84: 200 | B84: =VLOOKUP(C84,Sheet1!$A$2:$B$1132,2,FALSE) -> IMPORTANT | C84: 0210FN02 | D84: فن منگان گریسی | E84: توانا/کارگر | F84: زارعی | G84: جعفری | H84: 1 | I84: 1 | M84: =SUMPRODUCT(H84:L84,$AA$2:$AE$2) -> 0.6
A85: 200 | B85: =VLOOKUP(C85,Sheet1!$A$2:$B$1132,2,FALSE) -> IMPORTANT | C85: 0210FN03 | D85: فن منگان روغنی | E85: توانا/کارگر | F85: زارعی | G85: جعفری | H85: 1 | I85: 1 | M85: =SUMPRODUCT(H85:L85,$AA$2:$AE$2) -> 0.6
A86: 200 | B86: =VLOOKUP(C86,Sheet1!$A$2:$B$1132,2,FALSE) -> IMPORTANT | C86: 0210FN04 | D86: فن منگان گریسی | E86: توانا/کارگر | F86: زارعی | G86: جعفری | H86: 1 | I86: 1 | M86: =SUMPRODUCT(H86:L86,$AA$2:$AE$2) -> 0.6
A87: 200 | B87: =VLOOKUP(C87,Sheet1!$A$2:$B$1132,2,FALSE) -> IMPORTANT | C87: 0210FN05 | D87: فن منگان گریسی | E87: توانا/کارگر | F87: زارعی | G87: جعفری | H87: 1 | I87: 1 | M87: =SUMPRODUCT(H87:L87,$AA$2:$AE$2) -> 0.6
A88: 200 | B88: =VLOOKUP(C88,Sheet1!$A$2:$B$1132,2,FALSE) -> IMPORTANT | C88: 0210GA01 | D88: گیت | E88: فهیمی | F88: زارعی | G88: جعفری | M88: =SUMPRODUCT(H88:L88,$AA$2:$AE$2) -> 0
A89: 200 | B89: =VLOOKUP(C89,Sheet1!$A$2:$B$1132,2,FALSE) -> IMPORTANT | C89: 0210GA02 | D89: گیت | E89: فهیمی | F89: زارعی | G89: جعفری | M89: =SUMPRODUCT(H89:L89,$AA$2:$AE$2) -> 0
A90: 200 | B90: =VLOOKUP(C90,Sheet1!$A$2:$B$1132,2,FALSE) -> ESSENTIAL | C90: 0210HG01 | D90: کوره ژنراتور هوای گرم | E90: عزیزی | F90: زارعی | G90: جعفری | M90: =SUMPRODUCT(H90:L90,$AA$2:$AE$2) -> 0
A91: 200 | B91: =VLOOKUP(C91,Sheet1!$A$2:$B$1132,2,FALSE) -> ESSENTIAL | C91: 0210RL01 | D91: آسیاب غلتکی | E91: فهیمی | F91: زارعی | G91: جعفری | M91: =SUMPRODUCT(H91:L91,$AA$2:$AE$2) -> 0
A92: 200 | B92: =VLOOKUP(C92,Sheet1!$A$2:$B$1132,2,FALSE) -> IMPORTANT | C92: 0210WF01 | D92: ویت فیدر | E92: فهیمی | F92: زارعی | G92: جعفری | H92: 1 | I92: 1 | M92: =SUMPRODUCT(H92:L92,$AA$2:$AE$2) -> 0.6
A93: 300 | B93: =VLOOKUP(C93,Sheet1!$A$2:$B$1132,2,FALSE) -> ESSENTIAL | C93: 0310BE01 | D93: باکت الواتور | E93: کارگر | F93: زارعی | G93: جعفری | I93: 1 | M93: =SUMPRODUCT(H93:L93,$AA$2:$AE$2) -> 0.45
A94: 300 | B94: =VLOOKUP(C94,Sheet1!$A$2:$B$1132,2,FALSE) -> ESSENTIAL | C94: 0310BF01 | D94: بگ فیلتر | E94: کارگر | F94: زارعی | G94: جعفری | I94: 1 | M94: =SUMPRODUCT(H94:L94,$AA$2:$AE$2) -> 0.45
A95: 300 | B95: =VLOOKUP(C95,Sheet1!$A$2:$B$1132,2,FALSE) -> ESSENTIAL | C95: 0310BF02 | D95: بگ فیلتر | E95: کارگر | F95: زارعی | G95: جعفری | I95: 1 | M95: =SUMPRODUCT(H95:L95,$AA$2:$AE$2) -> 0.45
A96: 300 | B96: =VLOOKUP(C96,Sheet1!$A$2:$B$1132,2,FALSE) -> ESSENTIAL | C96: 0310BF03 | D96: بگ فیلتر | E96: کارگر | F96: زارعی | G96: جعفری | I96: 1 | M96: =SUMPRODUCT(H96:L96,$AA$2:$AE$2) -> 0.45
A97: 300 | B97: =VLOOKUP(C97,Sheet1!$A$2:$B$1132,2,FALSE) -> IMPORTANT | C97: 0310BL01 | D97: بلوور | E97: کارگر | F97: زارعی | G97: جعفری | M97: =SUMPRODUCT(H97:L97,$AA$2:$AE$2) -> 0
A98: 300 | B98: =VLOOKUP(C98,Sheet1!$A$2:$B$1132,2,FALSE) -> IMPORTANT | C98: 0310BL02 | D98: بلوور | E98: کارگر | F98: زارعی | G98: جعفری | M98: =SUMPRODUCT(H98:L98,$AA$2:$AE$2) -> 0
A99: 300 | B99: =VLOOKUP(C99,Sheet1!$A$2:$B$1132,2,FALSE) -> IMPORTANT | C99: 0310FE01 | D99: روتاری فیدر | E99: کارگر | F99: زارعی | G99: جعفری | I99: 1 | M99: =SUMPRODUCT(H99:L99,$AA$2:$AE$2) -> 0.45
A100: 300 | B100: =VLOOKUP(C100,Sheet1!$A$2:$B$1132,2,FALSE) -> IMPORTANT | C100: 0310FE02 | D100: روتاری فیدر | E100: کارگر | F100: زارعی | G100: جعفری | I100: 1 | M100: =SUMPRODUCT(H100:L100,$AA$2:$AE$2) -> 0.45
A101: 300 | B101: =VLOOKUP(C101,Sheet1!$A$2:$B$1132,2,FALSE) -> IMPORTANT | C101: 0310FN01 | D101: فن منگان گریسی | E101: توانا/کارگر | F101: زارعی | G101: جعفری | H101: 1 | I101: 1 | M101: =SUMPRODUCT(H101:L101,$AA$2:$AE$2) -> 0.6
A102: 300 | B102: =VLOOKUP(C102,Sheet1!$A$2:$B$1132,2,FALSE) -> ESSENTIAL | C102: 0310GA01 | D102: گیت | E102: کارگر | F102: زارعی | G102: جعفری | I102: 1 | M102: =SUMPRODUCT(H102:L102,$AA$2:$AE$2) -> 0.45
A103: 300 | B103: =VLOOKUP(C103,Sheet1!$A$2:$B$1132,2,FALSE) -> ESSENTIAL | C103: 0310GA02 | D103: گیت | E103: کارگر | F103: زارعی | G103: جعفری | I103: 1 | M103: =SUMPRODUCT(H103:L103,$AA$2:$AE$2) -> 0.45
A104: 300 | B104: =VLOOKUP(C104,Sheet1!$A$2:$B$1132,2,FALSE) -> ESSENTIAL | C104: 0310GA03 | D104: گیت | E104: کارگر | F104: زارعی | G104: جعفری | I104: 1 | M104: =SUMPRODUCT(H104:L104,$AA$2:$AE$2) -> 0.45
A105: 300 | B105: =VLOOKUP(C105,Sheet1!$A$2:$B$1132,2,FALSE) -> VITAL | C105: 0310SC01 | D105: کانوایر پیچشی | E105: کارگر | F105: زارعی | G105: جعفری | I105: 1 | M105: =SUMPRODUCT(H105:L105,$AA$2:$AE$2) -> 0.45
A106: 300 | B106: =VLOOKUP(C106,Sheet1!$A$2:$B$1132,2,FALSE) -> IMPORTANT | C106: 0310SL01 | D106: سیلوی بنتونیت | E106: کارگر | F106: زارعی | G106: جعفری | M106: =SUMPRODUCT(H106:L106,$AA$2:$AE$2) -> 0
A107: 300 | B107: =VLOOKUP(C107,Sheet1!$A$2:$B$1132,2,FALSE) -> IMPORTANT | C107: 0310SL02 | D107: سیلوی بنتونیت | E107: کارگر | F107: زارعی | G107: جعفری | M107: =SUMPRODUCT(H107:L107,$AA$2:$AE$2) -> 0
A108: 500 | B108: =VLOOKUP(C108,Sheet1!$A$2:$B$1132,2,FALSE) -> VITAL | C108: 0510BC01 | D108: نوار نقاله | E108: فهیمی | F108: زارعی | G108: ناظمی زاده | H108: 1 | I108: 1 | J108: 1 | K108: 1 | L108: 1 | M108: =SUMPRODUCT(H108:L108,$AA$2:$AE$2) -> 1
A109: 500 | B109: =VLOOKUP(C109,Sheet1!$A$2:$B$1132,2,FALSE) -> VITAL | C109: 0510BC02 | D109: نوار نقاله | E109: فهیمی | F109: زارعی | G109: ناظمی زاده | H109: 1 | I109: 1 | J109: 1 | K109: 1 | L109: 1 | M109: =SUMPRODUCT(H109:L109,$AA$2:$AE$2) -> 1
A110: 500 | B110: =VLOOKUP(C110,Sheet1!$A$2:$B$1132,2,FALSE) -> ESSENTIAL | C110: 0510BI01 | D110: بین | E110: فهیمی | F110: زارعی | G110: ناظمی زاده | H110: 1 | I110: 1 | M110: =SUMPRODUCT(H110:L110,$AA$2:$AE$2) -> 0.6
A111: 500 | B111: =VLOOKUP(C111,Sheet1!$A$2:$B$1132,2,FALSE) -> ESSENTIAL | C111: 0510BI02 | D111: بین | E111: فهیمی | F111: زارعی | G111: ناظمی زاده | H111: 1 | I111: 1 | M111: =SUMPRODUCT(H111:L111,$AA$2:$AE$2) -> 0.6
A112: 500 | B112: =VLOOKUP(C112,Sheet1!$A$2:$B$1132,2,FALSE) -> ESSENTIAL | C112: 0510BI03 | D112: بین | E112: فهیمی | F112: زارعی | G112: ناظمی زاده | H112: 1 | I112: 1 | J112: 1 | K112: 1 | L112: 1 | M112: =SUMPRODUCT(H112:L112,$AA$2:$AE$2) -> 1
A113: 500 | B113: =VLOOKUP(C113,Sheet1!$A$2:$B$1132,2,FALSE) -> ESSENTIAL | C113: 0510BI04 | D113: بین | E113: فهیمی | F113: زارعی | G113: ناظمی زاده | H113: 1 | I113: 1 | J113: 1 | K113: 1 | L113: 1 | M113: =SUMPRODUCT(H113:L113,$AA$2:$AE$2) -> 1
A114: 500 | B114: =VLOOKUP(C114,Sheet1!$A$2:$B$1132,2,FALSE) -> ESSENTIAL | C114: 0510BI05 | D114: بین | E114: فهیمی | F114: زارعی | G114: ناظمی زاده | H114: 1 | I114: 1 | J114: 1 | K114: 1 | L114: 1 | M114: =SUMPRODUCT(H114:L114,$AA$2:$AE$2) -> 1
A115: 500 | B115: =VLOOKUP(C115,Sheet1!$A$2:$B$1132,2,FALSE) -> ESSENTIAL | C115: 0510BI06 | D115: بین | E115: فهیمی | F115: زارعی | G115: ناظمی زاده | H115: 1 | I115: 1 | J115: 1 | K115: 1 | L115: 1 | M115: =SUMPRODUCT(H115:L115,$AA$2:$AE$2) -> 1
A116: 500 | B116: =VLOOKUP(C116,Sheet1!$A$2:$B$1132,2,FALSE) -> NORMAL | C116: 0510GA01 | D116: گیت | E116: فهیمی | F116: زارعی | G116: ناظمی زاده | M116: =SUMPRODUCT(H116:L116,$AA$2:$AE$2) -> 0
...

Sheet متفرقه
A1: ناحیه | B1: درصد پیشرفت | C1: Main Asset | D1: AssetNumber | E1: وزن تجهیز در ناحیه | F1: Asset Tag No | G1: نام تجهیز | H1: کارشناس انجام دهنده مکانیک | I1: کارشناس انجام دهنده برق | J1: برگزاری جلسه مشترک و تهیه درخت روی وایت برد | K1: پیشرفت فایل اکسل مکانیک | L1: پیشرفت فایل اکسل برق | M1: کنترل فایل توسط CPG | N1: جمع بندی فایل اکسل نهایی | O1: درصد تکمیل فایل نهایی
A2: 1500 | F2: 1500.PI-CE01 | G2: HEAT TRACING | O2: 0
A3: 1500 | F3: 1510AC01 | G3: چیلر جذبی | H3: وشتانی | O3: 0
A4: 1500 | F4: 1510AC02 | G4: چیلر جذبی | H4: وشتانی | O4: 0
A5: 1500 | F5: 1510AH01 | G5: هواساز پست برق ساختمان بالینگ | H5: وشتانی | O5: 0
A6: 1500 | F6: 1510AH02 | G6: هواساز اداری ساختمان بالینگ | H6: وشتانی | O6: 0
A7: 1500 | F7: 1510DS01 | G7: سختی گیر موتورخانه بالینگ | H7: وشتانی | O7: 0
A8: 1500 | F8: 1510EC01 | G8: برج خنک کن چیلر موتورخانه بالینگ | H8: وشتانی | O8: 0
A9: 1500 | F9: 1510EC02 | G9: برج خنک کن چیلر موتورخانه بالینگ | H9: وشتانی | O9: 0
A10: 1500 | F10: 1510EF01 | G10: اگزاس فن | H10: وشتانی | O10: 0
A11: 1500 | F11: 1510LP01 | G11: پمپ خطی برگشتی موتورخانه بالینگ | H11: وشتانی | O11: 0
A12: 1500 | F12: 1510LP02 | G12: پمپ خطی برگشتی موتورخانه بالینگ | H12: وشتانی | O12: 0
A13: 1500 | F13: 1510LP03 | G13: پمپ خطی برگشتی موتورخانه بالینگ | H13: وشتانی | O13: 0
A14: 1500 | F14: 1510LP04 | G14: پمپ خطی برگشتی موتورخانه بالینگ | H14: وشتانی | O14: 0
A15: 1500 | F15: 1510OB01 | G15: ساختمان ترانسپورت | H15: 0 | O15: 0
A16: 1500 | F16: 1510WP01 | G16: واتر پمپ | H16: وشتانی | O16: 0
A17: 1500 | F17: 1510WP02 | G17: واتر پمپ | H17: وشتانی | O17: 0
A18: 1500 | F18: 1510WP03 | G18: واتر پمپ | H18: وشتانی | O18: 0
A19: 1500 | F19: 1510WP04 | G19: واتر پمپ | H19: وشتانی | O19: 0
A20: 1500 | F20: 1510WP05 | G20: واتر پمپ | H20: وشتانی | O20: 0
A21: 1500 | F21: 1510WP06 | G21: واتر پمپ | H21: وشتانی | O21: 0
A22: 1500 | F22: 1510WP07 | G22: واتر پمپ | H22: وشتانی | O22: 0
A23: 1500 | F23: 1520AC01 | G23: چیلر جذبی موتورخانه مرکزی | H23: وشتانی | O23: 0
A24: 1500 | F24: 1520AC02 | G24: چیلر جذبی موتورخانه مرکزی | H24: وشتانی | O24: 0
A25: 1500 | F25: 1520BH01 | G25: بویلر آب گرم فولادی | H25: وشتانی | O25: 0
A26: 1500 | F26: 1520BH02 | G26: بویلر آب گرم فولادی | H26: وشتانی | O26: 0
A27: 1500 | F27: 1520BH03 | G27: بویلر آب گرم فولادی | H27: وشتانی | O27: 0
... A76: 1500 | F76: 1580SH01 | G76: آبگرم کن خورشیدی | H76: پاک نیا | O76: 0
A77: 1500 | F77: 15902A01 | G77: UPS | O77: 0
A78: 1500 | F78: 1590CP01 | G78: کمپرسور هوا | H78: وشتانی | O78: 0
A79: 1500 | F79: 1590IP01 | G79: پمپ کف کش | H79: وشتانی | O79: 0
A80: 1500 | F80: 1590PI01 | G80: پایپینگ | H80: وشتانی | O80: 0
A81: 1500 | F81: 1590SU01 | G81: اسپلیت یونیت | H81: وشتانی | O81: 0
A82: 1500 | F82: 1590SU02 | G82: اسپلیت یونیت | H82: وشتانی | O82: 0
A83: 1500 | F83: 1590SU03 | G83: اسپلیت یونیت | H83: وشتانی | O83: 0
A84: 1500 | F84: 1590WP01 | G84: واتر پمپ | H84: وشتانی | O84: 0
A85: 1500 | F85: 1590WP02 | G85: واتر پمپ | H85: وشتانی | O85: 0
A86: 1500 | F86: 1590WP03 | G86: واتر پمپ | H86: وشتانی | O86: 0
A87: 1500 | F87: 1590WP04 | G87: واتر پمپ | H87: وشتانی | O87: 0
A88: 1500 | F88: 1590WP05 | G88: پمپ شناور چاه شماره یک | H88: وشتانی | O88: 0
A89: 1500 | F89: 1590WP06 | G89: پمپ شناور چاه شماره دو | H89: وشتانی | O89: 0
... A92: 1500 | F92: 1590WT03 | G92: تانک آب فشار | H92: وشتانی | O92: 0
F93: C200WH01 | G93: ساختمانهای انبار چادرملو | H93: 0 | O93: =SUMPRODUCT(J93:N93,$J$2:$N$2) -> 0
F94: C210OB01 | G94: ساختمان انبار گندله سازی | H94: 0 | I94: جعفری | O94: =SUMPRODUCT(J94:N94,$J$2:$N$2) -> 0
F95: C210WH2A01 | G95: UPS | O95: =SUMPRODUCT(J95:N95,$J$2:$N$2) -> 0
F96: C330-INDOOR LIGHTING | G96: LIGHTING | O96: =SUMPRODUCT(J96:N96,$J$2:$N$2) -> 0
F97: C330-OUTDOOR LIGHTING | G97: LIGHTING | O97: =SUMPRODUCT(J97:N97,$J$2:$N$2) -> 0
F98: C350OB01 | G98: ساختمان ایستگاه راه آهن | H98: 0 | O98: =SUMPRODUCT(J98:N98,$J$2:$N$2) -> 0
F99: C360FG01 | G99: ساختمان انتظامات ورودی اصلی مجتمع | H99: 0 | O99: =SUMPRODUCT(J99:N99,$J$2:$N$2) -> 0
F100: C360FG02 | G100: ساختمان انتظامات گندله | H100: 0 | O100: =SUMPRODUCT(J100:N100,$J$2:$N$2) -> 0
F101: C360FG03 | G101: ساختمان انتظامات راه آهن | H101: 0 | O101: =SUMPRODUCT(J101:N101,$J$2:$N$2) -> 0
F102: C4102A01 | G102: UPS | O102: =SUMPRODUCT(J102:N102,$J$2:$N$2) -> 0
F103: C410OB01 | G103: ساختمان مدیریت و اداری اركان تدبیر | H103: 0 | O103: =SUMPRODUCT(J103:N103,$J$2:$N$2) -> 0
F104: C410OB02 | G104: ساختمان مدیریت و اداری پامیدكو | H104: 0 | O104: =SUMPRODUCT(J104:N104,$J$2:$N$2) -> 0
F105: C410OB03 | G105: ساختمان حراست | H105: 0 | O105: =SUMPRODUCT(J105:N105,$J$2:$N$2) -> 0
F106: C410OB04 | G106: ساختمان شركت پیمانکار CPG | H106: 0 | O106: =SUMPRODUCT(J106:N106,$J$2:$N$2) -> 0
F107: C410OB05 | G107: ساختمان مسجد | H107: 0 | O107: =SUMPRODUCT(J107:N107,$J$2:$N$2) -> 0
F108: C410OB06 | G108: ساختمان تاسیسات نیمه صنعتی | H108: 0 | O108: =SUMPRODUCT(J108:N108,$J$2:$N$2) -> 0
F109: C410OB07 | G109: ساختمان آموزش شرکت رهیار | H109: 0 | O109: =SUMPRODUCT(J109:N109,$J$2:$N$2) -> 0
F110: C420CM01 | G110: ساختمان کمپ مدیریت | H110: 0 | O110: =SUMPRODUCT(J110:N110,$J$2:$N$2) -> 0
F111: C420CM02 | G111: ساختمان کمپ مهندسی | H111: 0 | O111: =SUMPRODUCT(J111:N111,$J$2:$N$2) -> 0
F112: C420CM03 | G112: ساختمان کمپ کارگری | H112: 0 | O112: =SUMPRODUCT(J112:N112,$J$2:$N$2) -> 0
F113: C430OB01 | G113: ساختمان بهداری | H113: 0 | O113: =SUMPRODUCT(J113:N113,$J$2:$N$2) -> 0
F114: C430OB02 | G114: ساختمان آتش نشانی | H114: 0 | O114: =SUMPRODUCT(J114:N114,$J$2:$N$2) -> 0
... F117: C440CH02 | G117: ساختمان رختكن شماره دو(بهره بردار) | H117: 0 | O117: =SUMPRODUCT(J117:N117,$J$2:$N$2) -> 0
F118: C450.AL01.01 | G118: كامیونت ایسوزو بالابر چادرملو-584ع54-33 | O118: =SUMPRODUCT(J118:N118,$J$2:$N$2) -> 0
F119: C450.BL01.01 | G119: بلدوزر كاترپیلار چادرملو-35555 | O119: =SUMPRODUCT(J119:N119,$J$2:$N$2) -> 0
F120: C450.BL01.02 | G120: بلدوزر كاترپیلار چادرملو-02517 | O120: =SUMPRODUCT(J120:N120,$J$2:$N$2) -> 0
F121: C450.CP01 | G121: كمپروسور هوای واحد ترانسپورت | O121: =SUMPRODUCT(J121:N121,$J$2:$N$2) -> 0
F122: C450.CP02 | G122: كمپروسور هوای واحد ترانسپورت | O122: =SUMPRODUCT(J122:N122,$J$2:$N$2) -> 0
F123: C450.DT01.01 | G123: بنز ده چرخ كمپرسی پامیدكو | O123: =SUMPRODUCT(J123:N123,$J$2:$N$2) -> 0
F124: C450.DT01.02 | G124: بنز ده چرخ كمپرسی چادرملو-648ع33-44 | O124: =SUMPRODUCT(J124:N124,$J$2:$N$2) -> 0
F125: C450.DT01.03 | G125: بنز ده چرخ كمپرسی چادرملو-649ع33-44 | O125: =SUMPRODUCT(J125:N125,$J$2:$N$2) -> 0
F126: C450.DT01.04 | G126: بنز ده چرخ كمپرسی چادرملو-728ع33-44 | O126: =SUMPRODUCT(J126:N126,$J$2:$N$2) -> 0
F127: C450.DT02.01 | G127: بنز تك كمپرسی چادرملو | O127: =SUMPRODUCT(J127:N127,$J$2:$N$2) -> 0
F128: C450.DT02.02 | G128: بنز تك كمپرسی چادرملو | O128: =SUMPRODUCT(J128:N128,$J$2:$N$2) -> 0
F129: C450.DT02.03 | G129: بنز تك كمپرسی پامیدكو | O129: =SUMPRODUCT(J129:N129,$J$2:$N$2) -> 0
... F202: C450.UM01.01 | G202: یونیماگ جرثقیل دار-35695410 | O202: =SUMPRODUCT(J202:N202,$J$2:$N$2) -> 0
F203: C450RT01 | G203: ساختمان رستوران | H203: 0 | O203: =SUMPRODUCT(J203:N203,$J$2:$N$2) -> 0
A204: 100 | F204: 0110OB01 | G204: ساختمان واگن دامپر | H204: 0 | O204: 0
A205: 100 | F205: 0110OB02 | G205: ساختمان انباشت و برداشت | H205: 0 | O205: 0
A206: 100 | F206: 0150OB01 | G206: ساختمان HPGR | H206: 0 | O206: 0
A207: 500 | F207: 0500OB01 | G207: ساختمان میكسینگ | H207: 0 | O207: 0
A208: 600 | F208: 0610OB01 | G208: ساختمان بالینگ | H208: 0 | I208: 0 | O208: 0
A209: 700 | F209: 0710OB01 | G209: ساختمان تراولینگ | H209: 0 | O209: 0
A210: 700 | F210: 0730OB01 | G210: ساختمان كولینگ | H210: 0 | O210: 0
A211: 800 | F211: 0820OB01 | G211: ساختمان باسكول تخلیه و بارگیری | H211: 0 | I211: ناظمی زاده | O211: 0
A212: 800 | F212: 0820OB02 | G212: ساختمان لودینگ | H212: 0 | I212: ناظمی زاده | O212: 0
A213: 900 | F213: 0950OB01 | G213: ساختمان فیلترینگ | H213: 0 | O213: 0
A214: 1100 | F214: 1110OB01 | G214: ساختمان آزمایشگاه | H214: 0 | O214: 0
A215: 1200 | F215: 1210MP01 | G215: ساختمان كارگاه ابزاردقیق | H215: 0 | I215: جعفری | O215: 0
A216: 1200 | F216: 1210MP02 | G216: ساختمان كارگاه مكانیك و ساخت | H216: 0 | I216: جعفری | O216: 0
A217: 1200 | F217: 1210MP03 | G217: ساختمان كارگاه تاسیسات | H217: 0 | I217: جعفری | O217: 0
A218: 1200 | F218: 1210MP04 | G218: ساختمان كارگاه پیمانكار زرپی جوش | H218: 0 | I218: جعفری | O218: 0
A219: 1200 | F219: 1210MP05 | G219: ساختمان کارگاه الکتروموتور | H219: 0 | I219: جعفری | O219: 0
A220: 1300 | F220: 1310OB01 | G220: ساختمان مخازن آب شیرین و شور | H220: 0 | I220: جعفری | O220: 0
A221: 1300 | F221: 1310OB02 | G221: ساختمان چاه آب شور | H221: 0 | I221: جعفری | O221: 0
A222: 1300 | F222: 1310OB03 | G222: ساختمان مخازن آب متعادل کننده مزرعه نو | H222: 0 | I222: جعفری | O222: 0
F223: ER00OB01 | G223: ساختمان پست ER00 | H223: 0 | O223: 0
F224: ER01OB01 | G224: ساختمان پست ER01 | H224: 0 | O224: 0
...

Sheet Sheet1
A1: کد تجهیز | B1: الگو | C1: ردیف | D1: مقدار شاخص
A2: 0730AN01 | B2: VITAL | C2: 1 | D2: 8.47
A3: 0720BU01 | B3: VITAL | C3: 2 | D3: 7.884
A4: 0730FN01 | B4: VITAL | C4: 3 | D4: 7.647
A5: 0730FN02 | B5: VITAL | C5: 4 | D5: 7.647
A6: 0710TG01 | B6: VITAL | C6: 5 | D6: 7.622
A7: 0720KL01 | B7: VITAL | C7: 6 | D7: 7.622
A8: 0710FN01 | B8: VITAL | C8: 7 | D8: 7.452
A9: 0710FN02 | B9: VITAL | C9: 8 | D9: 7.452
A10: 0710FN04 | B10: VITAL | C10: 9 | D10: 7.377
A11: 0710FN03 | B11: VITAL | C11: 10 | D11: 7.252
A12: 0710FN05 | B12: VITAL | C12: 11 | D12: 7.252
A13: 0710FN06 | B13: VITAL | C13: 12 | D13: 7.152
... A1074: D550 | B1074: NORMAL | C1074: 1073 | D1074: 1.86
A1075: 8217 | B1075: NORMAL | C1075: 1074 | D1075: 1.86
A1076: HP630D | B1076: NORMAL | C1076: 1075 | D1076: 1.86
A1077: MR 3002 | B1077: NORMAL | C1077: 1076 | D1077: 1.86
A1078: FTM-10 | B1078: NORMAL | C1078: 1077 | D1078: 1.86
A1079: MR 3002 | B1079: NORMAL | C1079: 1078 | D1079: 1.86
A1080: MS-H-S | B1080: NORMAL | C1080: 1079 | D1080: 1.86
A1081: ST11 | B1081: NORMAL | C1081: 1080 | D1081: 1.86
A1082: pH 197i | B1082: NORMAL | C1082: 1081 | D1082: 1.86
A1083: 827 pH lab | B1083: NORMAL | C1083: 1082 | D1083: 1.86
A1084: HQ40d | B1084: NORMAL | C1084: 1083 | D1084: 1.86
A1085: Cond7310 | B1085: NORMAL | C1085: 1084 | D1085: 1.86
A1086: PC Compact | B1086: NORMAL | C1086: 1085 | D1086: 1.86
A1087: PC compact | B1087: NORMAL | C1087: 1086 | D1087: 1.86
A1088: 2008 | B1088: NORMAL | C1088: 1087 | D1088: 1.86
A1089: RK100 | B1089: NORMAL | C1089: 1088 | D1089: 1.86
A1090: UR1 | B1090: NORMAL | C1090: 1089 | D1090: 1.86
A1091: PM4 | B1091: NORMAL | C1091: 1090 | D1091: 1.86
A1092: OSK-194 | B1092: NORMAL | C1092: 1091 | D1092: 1.86
A1093: ITB600 | B1093: NORMAL | C1093: 1092 | D1093: 1.86
A1094: GP 30 K | B1094: NORMAL | C1094: 1093 | D1094: 1.86
A1095: GF-3000 | B1095: NORMAL | C1095: 1094 | D1095: 1.86
A1096: FX-3000GD | B1096: NORMAL | C1096: 1095 | D1096: 1.86
A1097: GR200 | B1097: NORMAL | C1097: 1096 | D1097: 1.86
A1098: CPA 324 S | B1098: NORMAL | C1098: 1097 | D1098: 1.86
A1099: LP2200 | B1099: NORMAL | C1099: 1098 | D1099: 1.86
A1100: LP2200 | B1100: NORMAL | C1100: 1099 | D1100: 1.86
... A1109: OSK-511 | B1109: NORMAL | C1109: 1108 | D1109: 1.86
B1110: NORMAL | C1110: 1109 | D1110: 1.86
B1111: NORMAL | C1111: 1110 | D1111: 1.86
B1112: NORMAL | C1112: 1111 | D1112: 1.86
A1113: UV mini-1240 | B1113: NORMAL | C1113: 1112 | D1113: 1.86
A1114: DR 5000 | B1114: NORMAL | C1114: 1113 | D1114: 1.86
A1115: AA-6200 | B1115: NORMAL | C1115: 1114 | D1115: 1.86
A1116: MXF-2400 | B1116: NORMAL | C1116: 1115 | D1116: 1.86
A1117: HYW3006-S17 | B1117: NORMAL | C1117: 1116 | D1117: 1.86
A1118: TR-1000S | B1118: NORMAL | C1118: 1117 | D1118: 1.86
A1119: MP-35-02 | B1119: NORMAL | C1119: 1118 | D1119: 1.86
A1120: DRB200 | B1120: NORMAL | C1120: 1119 | D1120: 1.86
A1121: IR-AHS0 | B1121: NORMAL | C1121: 1120 | D1121: 1.86
A1122: Analysette 3 Spartan | B1122: NORMAL | C1122: 1121 | D1122: 1.86
A1123: 3015 | B1123: NORMAL | C1123: 1122 | D1123: 1.86
A1124: MP 104 E | B1124: NORMAL | C1124: 1123 | D1124: 1.86
A1125: N035.3AN.18 | B1125: NORMAL | C1125: 1124 | D1125: 1.86
A1126: WB 45 | B1126: NORMAL | C1126: 1125 | D1126: 1.86
A1127: ST 72 | B1127: NORMAL | C1127: 1126 | D1127: 1.86
A1128: LM-9000 | B1128: NORMAL | C1128: 1127 | D1128: 1.86
B1129: NORMAL | C1129: 1128 | D1129: 1.86
A1130: RE4/500ml | B1130: NORMAL | C1130: 1129 | D1130: 1.86
B1131: NORMAL | C1131: 1130 | D1131: 1.86
A1132: 165/93 mm | B1132: NORMAL | C1132: 1131 | D1132: 1.86
